Manufacturer,Model&Make,Mark,Prediction
Canon,EOS 1000D,NA,Canon-EOS-1000D.csv
Canon,EOS 100D,NA,Canon-EOS-100D.csv
Canon,EOS 10D,NA,Canon-EOS-10D.csv
Canon,EOS 1100D,NA,Canon-EOS-1100D.csv
Canon,EOS 1200D,NA,Canon-EOS-1200D.csv
Canon,EOS 1300D,NA,Canon-EOS-1300D.csv
Canon,EOS 1500D,NA,Canon-EOS-1500D.csv
Canon,EOS 200D,NA,Canon-EOS-200D.csv
Canon,EOS 20D,NA,Canon-EOS-20D.csv
Canon,EOS 20Da,NA,Canon-EOS-20Da.csv
Canon,EOS 250D,NA,Canon-EOS-250D.csv
Canon,EOS 3000D,NA,Canon-EOS-3000D.csv
Canon,EOS 300D,NA,Canon-EOS-300D.csv
Canon,EOS 30D,NA,Canon-EOS-30D.csv
Canon,EOS 350D,NA,Canon-EOS-350D.csv
Canon,EOS 400D,NA,Canon-EOS-400D.csv
Canon,EOS 40D,NA,Canon-EOS-40D.csv
Canon,EOS 450D,NA,Canon-EOS-450D.csv
Canon,EOS 500D,NA,Canon-EOS-500D.csv
Canon,EOS 50D,NA,Canon-EOS-50D.csv
Canon,EOS 550D,NA,Canon-EOS-550D.csv
Canon,EOS 5D,NA,Canon-EOS-5D.csv
Canon,EOS 5D,II,Canon-EOS-5D-Mark-II.csv
Canon,EOS 5D,III,Canon-EOS-5D-Mark-III.csv
Canon,EOS 5D,IV,Canon-EOS-5D-Mark-IV.csv
Canon,EOS 5DS,NA,Canon-EOS-5DS.csv
Canon,EOS 5DS R,NA,Canon-EOS-5DS-R.csv
Canon,EOS 600D,NA,Canon-EOS-600D.csv
Canon,EOS 60D,NA,Canon-EOS-60D.csv
Canon,EOS 60Da,NA,Canon-EOS-60Da.csv
Canon,EOS 650D,NA,Canon-EOS-650D.csv
Canon,EOS 6D,NA,Canon-EOS-6D.csv
Canon,EOS 6D,II,Canon-EOS-6D-Mark-II.csv
Canon,EOS 700D,NA,Canon-EOS-700D.csv
Canon,EOS 70D,NA,Canon-EOS-70D.csv
Canon,EOS 750D,NA,Canon-EOS-750D.csv
Canon,EOS 760D,NA,Canon-EOS-760D.csv
Canon,EOS 77D,NA,Canon-EOS-77D.csv
Canon,EOS 7D,NA,Canon-EOS-7D.csv
Canon,EOS 7D,II,Canon-EOS-7D-Mark-II.csv
Canon,EOS 800D,NA,Canon-EOS-800D.csv
Canon,EOS 80D,NA,Canon-EOS-80D.csv
Canon,EOS 850D,NA,Canon-EOS-850D.csv
Canon,EOS 90D,NA,Canon-EOS-90D.csv
Canon,EOS D30,NA,Canon-EOS-D30.csv
Canon,EOS D60,NA,Canon-EOS-D60.csv
Canon,EOS M,NA,Canon-EOS-M.csv
Canon,EOS M10,NA,Canon-EOS-M10.csv
Canon,EOS M100,NA,Canon-EOS-M100.csv
Canon,EOS M2,NA,Canon-EOS-M2.csv
Canon,EOS M200,NA,Canon-EOS-M200.csv
Canon,EOS M3,NA,Canon-EOS-M3.csv
Canon,EOS M5,NA,Canon-EOS-M5.csv
Canon,EOS M50,NA,Canon-EOS-M50.csv
Canon,EOS M50,II,Canon-EOS-M50-Mark-II.csv
Canon,EOS M6,NA,Canon-EOS-M6.csv
Canon,EOS M6,II,Canon-EOS-M6-Mark-II.csv
Canon,EOS R,NA,Canon-EOS-R.csv
Canon,EOS R10,NA,Canon-EOS-R10.csv
Canon,EOS R3,NA,Canon-EOS-R3.csv
Canon,EOS R5,NA,Canon-EOS-R5.csv
Canon,EOS R5 C,NA,Canon-EOS-R5-C.csv
Canon,EOS R6,NA,Canon-EOS-R6.csv
Canon,EOS R6,II,Canon-EOS-R6-Mark-II.csv
Canon,EOS R7,NA,Canon-EOS-R7.csv
Canon,EOS RP,NA,Canon-EOS-RP.csv
Canon,EOS Ra,NA,Canon-EOS-Ra.csv
Canon,EOS-1D,NA,Canon-EOS-1D.csv
Canon,EOS-1D C,NA,Canon-EOS-1D-C.csv
Canon,EOS-1D,II,Canon-EOS-1D-Mark-II.csv
Canon,EOS-1D,II N,Canon-EOS-1D-Mark-II-N.csv
Canon,EOS-1D,III,Canon-EOS-1D-Mark-III.csv
Canon,EOS-1D,IV,Canon-EOS-1D-Mark-IV.csv
Canon,EOS-1D X,NA,Canon-EOS-1D-X.csv
Canon,EOS-1D X,II,Canon-EOS-1D-X-Mark-II.csv
Canon,EOS-1D X,III,Canon-EOS-1D-X-Mark-III.csv
Canon,EOS-1Ds,NA,Canon-EOS-1Ds.csv
Canon,EOS-1Ds,II,Canon-EOS-1Ds-Mark-II.csv
Canon,EOS-1Ds,III,Canon-EOS-1Ds-Mark-III.csv
Canon,PowerShot G1 X,NA,Canon-PowerShot-G1-X.csv
Canon,PowerShot G1 X,II,Canon-PowerShot-G1-X-Mark-II.csv
Canon,PowerShot G1 X,III,Canon-PowerShot-G1-X-Mark-III.csv
Canon,PowerShot G10,NA,Canon-PowerShot-G10.csv
Canon,PowerShot G11,NA,Canon-PowerShot-G11.csv
Canon,PowerShot G12,NA,Canon-PowerShot-G12.csv
Canon,PowerShot G15,NA,Canon-PowerShot-G15.csv
Canon,PowerShot G16,NA,Canon-PowerShot-G16.csv
Canon,PowerShot G2,NA,Canon-PowerShot-G2.csv
Canon,PowerShot G3,NA,Canon-PowerShot-G3.csv
Canon,PowerShot G3 X,NA,Canon-PowerShot-G3-X.csv
Canon,PowerShot G5,NA,Canon-PowerShot-G5.csv
Canon,PowerShot G5 X,NA,Canon-PowerShot-G5-X.csv
Canon,PowerShot G5 X,II,Canon-PowerShot-G5-X-Mark-II.csv
Canon,PowerShot G6,NA,Canon-PowerShot-G6.csv
Canon,PowerShot G7 X,NA,Canon-PowerShot-G7-X.csv
Canon,PowerShot G7 X,II,Canon-PowerShot-G7-X-Mark-II.csv
Canon,PowerShot G7 X,III,Canon-PowerShot-G7-X-Mark-III.csv
Canon,PowerShot G9,NA,Canon-PowerShot-G9.csv
Canon,PowerShot G9 X,NA,Canon-PowerShot-G9-X.csv
Canon,PowerShot G9 X Mark II,II,Canon-PowerShot-G9-X-Mark-II.csv
Canon,PowerShot Pro1,NA,Canon-PowerShot-Pro1.csv
Canon,PowerShot S100,NA,Canon-PowerShot-S100.csv
Canon,PowerShot S110,NA,Canon-PowerShot-S110.csv
Canon,PowerShot S120,NA,Canon-PowerShot-S120.csv
Canon,PowerShot S30,NA,Canon-PowerShot-S30.csv
Canon,PowerShot S40,NA,Canon-PowerShot-S40.csv
Canon,PowerShot S45,NA,Canon-PowerShot-S45.csv
Canon,PowerShot S50,NA,Canon-PowerShot-S50.csv
Canon,PowerShot S60,NA,Canon-PowerShot-S60.csv
Canon,PowerShot S70,NA,Canon-PowerShot-S70.csv
Canon,PowerShot S90,NA,Canon-PowerShot-S90.csv
Canon,PowerShot S95,NA,Canon-PowerShot-S95.csv
Canon,PowerShot SX1 IS,NA,Canon-PowerShot-SX1-IS.csv
Canon,PowerShot SX50 HS,NA,Canon-PowerShot-SX50-HS.csv
Canon,PowerShot SX60 HS,NA,Canon-PowerShot-SX60-HS.csv
Canon,PowerShot SX70 HS,NA,Canon-PowerShot-SX70-HS.csv
Epson,R-D1,NA,Epson-R-D1.csv
Epson,R-D1s,NA,Epson-R-D1s.csv
Epson,R-D1x,NA,Epson-R-D1x.csv
Fujifilm,X100T,NA,FUJIFILM-X100T.csv
Fujifilm,FinePix E550,NA,Fujifilm-FinePix-E550.csv
Fujifilm,FinePix E900,NA,Fujifilm-FinePix-E900.csv
Fujifilm,FinePix F550EXR,NA,Fujifilm-FinePix-F550EXR.csv
Fujifilm,FinePix F600EXR,NA,Fujifilm-FinePix-F600EXR.csv
Fujifilm,FinePix F700,NA,Fujifilm-FinePix-F700.csv
Fujifilm,FinePix F710,NA,Fujifilm-FinePix-F710.csv
Fujifilm,FinePix F770EXR,NA,Fujifilm-FinePix-F770EXR.csv
Fujifilm,FinePix F800EXR,NA,Fujifilm-FinePix-F800EXR.csv
Fujifilm,FinePix F810,NA,Fujifilm-FinePix-F810.csv
Fujifilm,FinePix F900EXR,NA,Fujifilm-FinePix-F900EXR.csv
Fujifilm,FinePix HS10 HS11,NA,Fujifilm-FinePix-HS10-HS11.csv
Fujifilm,FinePix HS20EXR,NA,Fujifilm-FinePix-HS20EXR.csv
Fujifilm,FinePix HS30EXR,NA,Fujifilm-FinePix-HS30EXR.csv
Fujifilm,FinePix HS50EXR,NA,Fujifilm-FinePix-HS50EXR.csv
Fujifilm,FinePix S1,NA,Fujifilm-FinePix-S1.csv
Fujifilm,FinePix S100FS,NA,Fujifilm-FinePix-S100FS.csv
Fujifilm,FinePix S200EXR,NA,Fujifilm-FinePix-S200EXR.csv
Fujifilm,FinePix S20Pro,NA,Fujifilm-FinePix-S20Pro.csv
Fujifilm,FinePix S2Pro,NA,Fujifilm-FinePix-S2Pro.csv
Fujifilm,FinePix S3Pro,NA,Fujifilm-FinePix-S3Pro.csv
Fujifilm,FinePix S5000,NA,Fujifilm-FinePix-S5000.csv
Fujifilm,FinePix S5100,NA,Fujifilm-FinePix-S5100.csv
Fujifilm,FinePix S5200,NA,Fujifilm-FinePix-S5200.csv
Fujifilm,FinePix S5500,NA,Fujifilm-FinePix-S5500.csv
Fujifilm,FinePix S5Pro,NA,Fujifilm-FinePix-S5Pro.csv
Fujifilm,FinePix S6000fd,NA,Fujifilm-FinePix-S6000fd.csv
Fujifilm,FinePix S7000,NA,Fujifilm-FinePix-S7000.csv
Fujifilm,FinePix S9000,NA,Fujifilm-FinePix-S9000.csv
Fujifilm,FinePix S9100,NA,Fujifilm-FinePix-S9100.csv
Fujifilm,FinePix SL1000,NA,Fujifilm-FinePix-SL1000.csv
Fujifilm,FinePix X10,NA,Fujifilm-FinePix-X10.csv
Fujifilm,FinePix X100,NA,Fujifilm-FinePix-X100.csv
Fujifilm,GFX 100,NA,Fujifilm-GFX-100.csv
Fujifilm,GFX 100 IR,NA,Fujifilm-GFX-100-IR.csv
Fujifilm,GFX 100S,NA,Fujifilm-GFX-100S.csv
Fujifilm,GFX 50R,NA,Fujifilm-GFX-50R.csv
Fujifilm,GFX 50S,NA,Fujifilm-GFX-50S.csv
Fujifilm,GFX 50S,II,Fujifilm-GFX-50S-II.csv
Fujifilm,IS-1,NA,Fujifilm-IS-1.csv
Fujifilm,X-A1,NA,Fujifilm-X-A1.csv
Fujifilm,X-A10,NA,Fujifilm-X-A10.csv
Fujifilm,X-A2,NA,Fujifilm-X-A2.csv
Fujifilm,X-A20,NA,Fujifilm-X-A20.csv
Fujifilm,X-A3,NA,Fujifilm-X-A3.csv
Fujifilm,X-A5,NA,Fujifilm-X-A5.csv
Fujifilm,X-A7,NA,Fujifilm-X-A7.csv
Fujifilm,X-E1,NA,Fujifilm-X-E1.csv
Fujifilm,X-E2,NA,Fujifilm-X-E2.csv
Fujifilm,X-E2S,NA,Fujifilm-X-E2S.csv
Fujifilm,X-E3,NA,Fujifilm-X-E3.csv
Fujifilm,X-E4,NA,Fujifilm-X-E4.csv
Fujifilm,X-H1,NA,Fujifilm-X-H1.csv
Fujifilm,X-H2,NA,Fujifilm-X-H2.csv
Fujifilm,X-H2S,NA,Fujifilm-X-H2S.csv
Fujifilm,X-M1,NA,Fujifilm-X-M1.csv
Fujifilm,X-Pro1,NA,Fujifilm-X-Pro1.csv
Fujifilm,X-Pro2,NA,Fujifilm-X-Pro2.csv
Fujifilm,X-Pro3,NA,Fujifilm-X-Pro3.csv
Fujifilm,X-S1,NA,Fujifilm-X-S1.csv
Fujifilm,X-S10,NA,Fujifilm-X-S10.csv
Fujifilm,X-T1,NA,Fujifilm-X-T1.csv
Fujifilm,X-T1 IR,NA,Fujifilm-X-T1-IR.csv
Fujifilm,X-T10,NA,Fujifilm-X-T10.csv
Fujifilm,X-T100,NA,Fujifilm-X-T100.csv
Fujifilm,X-T2,NA,Fujifilm-X-T2.csv
Fujifilm,X-T20,NA,Fujifilm-X-T20.csv
Fujifilm,X-T200,NA,Fujifilm-X-T200.csv
Fujifilm,X-T3,NA,Fujifilm-X-T3.csv
Fujifilm,X-T30,NA,Fujifilm-X-T30.csv
Fujifilm,X-T30,II,Fujifilm-X-T30-II.csv
Fujifilm,X-T4,NA,Fujifilm-X-T4.csv
Fujifilm,X-T5,NA,Fujifilm-X-T5.csv
Fujifilm,X100F,NA,Fujifilm-X100F.csv
Fujifilm,X100S,NA,Fujifilm-X100S.csv
Fujifilm,X100V,NA,Fujifilm-X100V.csv
Fujifilm,X20,NA,Fujifilm-X20.csv
Fujifilm,X30,NA,Fujifilm-X30.csv
Fujifilm,X70,NA,Fujifilm-X70.csv
Fujifilm,XF1,NA,Fujifilm-XF1.csv
Fujifilm,XF10,NA,Fujifilm-XF10.csv
Fujifilm,XQ1,NA,Fujifilm-XQ1.csv
Fujifilm,XQ2,NA,Fujifilm-XQ2.csv
Ricoh,GR,NA,NA
Ricoh,GR,II,NA
GoPro,HERO10 Black,NA,GoPro-HERO10-Black.csv
GoPro,HERO7 Black,NA,GoPro-HERO7-Black.csv
Google,Pixel 3 Front Standard Camera,NA,Google-Pixel-3-Front-Standard-Camera.csv
Google,Pixel 3 Front Wide Camera,NA,Google-Pixel-3-Front-Wide-Camera.csv
Google,Pixel 3 Rear Camera,NA,Google-Pixel-3-Rear-Camera.csv
Google,Pixel 3 XL Front Standard Camera,NA,Google-Pixel-3-XL-Front-Standard-Camera.csv
Google,Pixel 3 XL Front Wide Camera,NA,Google-Pixel-3-XL-Front-Wide-Camera.csv
Google,Pixel 3 XL Rear Camera,NA,Google-Pixel-3-XL-Rear-Camera.csv
Google,Pixel 4 Front Camera,NA,Google-Pixel-4-Front-Camera.csv
Google,Pixel 4 Rear Telephoto Camera,NA,Google-Pixel-4-Rear-Telephoto-Camera.csv
Google,Pixel 4 Rear Wide Camera,NA,Google-Pixel-4-Rear-Wide-Camera.csv
Google,Pixel 4 XL Front Camera,NA,Google-Pixel-4-XL-Front-Camera.csv
Google,Pixel 4 XL Rear Telephoto Camera,NA,Google-Pixel-4-XL-Rear-Telephoto-Camera.csv
Google,Pixel 4 XL Rear Wide Camera,NA,Google-Pixel-4-XL-Rear-Wide-Camera.csv
Google,Pixel 5 Front Camera,NA,Google-Pixel-5-Front-Camera.csv
Google,Pixel 5 Rear Main Camera,NA,Google-Pixel-5-Rear-Main-Camera.csv
Google,Pixel 5 Rear Ultra Wide Camera,NA,Google-Pixel-5-Rear-Ultra-Wide-Camera.csv
Google,Pixel 6 Front Camera,NA,Google-Pixel-6-Front-Camera.csv
Google,Pixel 6 Pro Front Camera,NA,Google-Pixel-6-Pro-Front-Camera.csv
Google,Pixel 6 Pro Rear Main Camera,NA,Google-Pixel-6-Pro-Rear-Main-Camera.csv
Google,Pixel 6 Pro Rear Telephoto Camera,NA,Google-Pixel-6-Pro-Rear-Telephoto-Camera.csv
Google,Pixel 6 Pro Rear Ultrawide Camera,NA,Google-Pixel-6-Pro-Rear-Ultrawide-Camera.csv
Google,Pixel 6 Rear Main Camera,NA,Google-Pixel-6-Rear-Main-Camera.csv
Google,Pixel 6 Rear Ultrawide Camera,NA,Google-Pixel-6-Rear-Ultrawide-Camera.csv
Google,Pixel 7 Front Camera,NA,Google-Pixel-7-Front-Camera.csv
Google,Pixel 7 Pro Front Camera,NA,Google-Pixel-7-Pro-Front-Camera.csv
Google,Pixel 7 Pro Telephoto Camera,NA,Google-Pixel-7-Pro-Telephoto-Camera.csv
Google,Pixel 7 Pro Ultrawide Camera,NA,Google-Pixel-7-Pro-Ultrawide-Camera.csv
Google,Pixel 7 Pro Wide Camera,NA,Google-Pixel-7-Pro-Wide-Camera.csv
Google,Pixel 7 Ultrawide Camera,NA,Google-Pixel-7-Ultrawide-Camera.csv
Google,Pixel 7 Wide Camera,NA,Google-Pixel-7-Wide-Camera.csv
HMD,Global Nokia 9 PureView Front Camera,NA,HMD-Global-Nokia-9-PureView-Front-Camera.csv
HMD,Global Nokia 9 PureView Rear Camera,NA,HMD-Global-Nokia-9-PureView-Rear-Camera.csv
Huawei,Honor 20 Pro Rear Main Camera,NA,HUAWEI-Honor-20-Pro-Rear-Main-Camera.csv
Huawei,Honor 20 Pro Rear Telephoto Camera,NA,HUAWEI-Honor-20-Pro-Rear-Telephoto-Camera.csv
Huawei,Honor 20 Pro Rear Wide Camera,NA,HUAWEI-Honor-20-Pro-Rear-Wide-Camera.csv
Huawei,Mate 10 Pro Rear Camera,NA,HUAWEI-Mate-10-Pro-Rear-Camera.csv
Huawei,P30 Pro Rear Main Camera,NA,HUAWEI-P30-Pro-Rear-Main-Camera.csv
Huawei,P30 Pro Rear Telephoto Camera,NA,HUAWEI-P30-Pro-Rear-Telephoto-Camera.csv
Huawei,P30 Pro Rear Wide Camera,NA,HUAWEI-P30-Pro-Rear-Wide-Camera.csv
Huawei,P30 Rear Main Camera,NA,HUAWEI-P30-Rear-Main-Camera.csv
Huawei,P30 Rear Telephoto Camera,NA,HUAWEI-P30-Rear-Telephoto-Camera.csv
Huawei,P30 Rear Wide Camera,NA,HUAWEI-P30-Rear-Wide-Camera.csv
Hasselblad,100-20-Coated6,NA,Hasselblad-100-20-Coated6.csv
Hasselblad,39-Coated,NA,Hasselblad-39-Coated.csv
Hasselblad,50-15-Coated5,NA,Hasselblad-50-15-Coated5.csv
Hasselblad,L1D-20c,NA,Hasselblad-L1D-20c.csv
Huawei,P9 Lite,NA,Huawei-P9-Lite.csv
Kodak,Z1015 IS,NA,Kodak-Z1015-IS.csv
Kodak,Z980,NA,Kodak-Z980.csv
Kodak,Z981,NA,Kodak-Z981.csv
Kodak,Z990,NA,Kodak-Z990.csv
Konica,Minolta DiMAGE A2,NA,Konica-Minolta-DiMAGE-A2.csv
Konica,Minolta DiMAGE A200,NA,Konica-Minolta-DiMAGE-A200.csv
Konica,Minolta Maxxum 5D,NA,Konica-Minolta-Maxxum-5D.csv
Konica,Minolta Maxxum 7D,NA,Konica-Minolta-Maxxum-7D.csv
Leica,CL,NA,LEICA-CL.csv
Leica,M (Typ 240),NA,LEICA-M-(Typ-240).csv
Leica,M (Typ 262),NA,LEICA-M-(Typ-262).csv
Leica,M-D (Typ 262),NA,LEICA-M-D-(Typ-262).csv
Leica,M10,NA,LEICA-M10.csv
Leica,M10-D,NA,LEICA-M10-D.csv
Leica,M10-P,NA,LEICA-M10-P.csv
Leica,M10-R,NA,LEICA-M10-R.csv
Leica,M11,NA,LEICA-M11.csv
Leica,Q (Typ 116),NA,LEICA-Q-(Typ-116).csv
Leica,Q2,NA,LEICA-Q2.csv
Leica,S (Typ 006),NA,LEICA-S-(Typ-006).csv
Leica,S (Typ 007),NA,LEICA-S-(Typ-007).csv
Leica,S3,NA,LEICA-S3.csv
Leica,SL (Typ 601),NA,LEICA-SL-(Typ-601).csv
Leica,SL2,NA,LEICA-SL2.csv
Leica,SL2-S,NA,LEICA-SL2-S.csv
Leica,T (Typ 701),NA,LEICA-T-(Typ-701).csv
Leica,TL,NA,LEICA-TL.csv
Leica,TL2,NA,LEICA-TL2.csv
Leica,X (Typ 113),NA,LEICA-X-(Typ-113).csv
Leica,X VARIO (Typ 107),NA,LEICA-X-VARIO-(Typ-107).csv
Leica,X-U (Typ 113),NA,LEICA-X-U-(Typ-113).csv
Leica,X1,NA,LEICA-X1.csv
Leica,X2,NA,LEICA-X2.csv
LG,G7 ThinQ Front Camera,NA,LG-G7-ThinQ-Front-Camera.csv
LG,G7 ThinQ Rear Main Camera,NA,LG-G7-ThinQ-Rear-Main-Camera.csv
LG,G7 ThinQ Rear Wide Camera,NA,LG-G7-ThinQ-Rear-Wide-Camera.csv
LG,G8 ThinQ Front Camera,NA,LG-G8-ThinQ-Front-Camera.csv
LG,G8 ThinQ Rear Main Camera,NA,LG-G8-ThinQ-Rear-Main-Camera.csv
LG,G8 ThinQ Rear Wide Camera,NA,LG-G8-ThinQ-Rear-Wide-Camera.csv
LG,V40 ThinQ Front Standard Camera,NA,LG-V40-ThinQ-Front-Standard-Camera.csv
LG,V40 ThinQ Rear Main Camera,NA,LG-V40-ThinQ-Rear-Main-Camera.csv
LG,V40 ThinQ Rear Wide Camera,NA,LG-V40-ThinQ-Rear-Wide-Camera.csv
LG,V50S ThinQ Front Camera,NA,LG-V50S-ThinQ-Front-Camera.csv
LG,V50S ThinQ Rear Main Camera,NA,LG-V50S-ThinQ-Rear-Main-Camera.csv
LG,V50S ThinQ Rear Wide Camera,NA,LG-V50S-ThinQ-Rear-Wide-Camera.csv
LG,V60 ThinQ Front Camera,NA,LG-V60-ThinQ-Front-Camera.csv
LG,V60 ThinQ Rear Main Camera,NA,LG-V60-ThinQ-Rear-Main-Camera.csv
LG,Velvet Front Camera,NA,LG-Velvet-Front-Camera.csv
LG,Velvet Rear Main Camera,NA,LG-Velvet-Rear-Main-Camera.csv
LG,Velvet Rear Wide Camera,NA,LG-Velvet-Rear-Wide-Camera.csv
LG,Wing Front Camera,NA,LG-Wing-Front-Camera.csv
LG,Wing Rear Main Camera,NA,LG-Wing-Rear-Main-Camera.csv
LG,Wing Rear Wide Camera,NA,LG-Wing-Rear-Wide-Camera.csv
Leaf,AFi 54S,NA,Leaf-AFi-54S.csv
Leaf,AFi 65S,NA,Leaf-AFi-65S.csv
Leaf,AFi 75S,NA,Leaf-AFi-75S.csv
Leaf,Aptus 17,NA,Leaf-Aptus-17.csv
Leaf,Aptus 22,NA,Leaf-Aptus-22.csv
Leaf,Aptus 54S,NA,Leaf-Aptus-54S.csv
Leaf,Aptus 65,NA,Leaf-Aptus-65.csv
Leaf,Aptus 65S,NA,Leaf-Aptus-65S.csv
Leaf,Aptus 75,NA,Leaf-Aptus-75.csv
Leaf,Aptus 75S,NA,Leaf-Aptus-75S.csv
Leaf,C-Most,NA,Leaf-C-Most.csv
Leaf,Credo 40,NA,Leaf-Credo-40.csv
Leaf,Credo 50,NA,Leaf-Credo-50.csv
Leaf,Credo 60,NA,Leaf-Credo-60.csv
Leaf,Credo 80,NA,Leaf-Credo-80.csv
Leaf,Valeo 11,NA,Leaf-Valeo-11.csv
Leaf,Valeo 17,NA,Leaf-Valeo-17.csv
Leaf,Valeo 22,NA,Leaf-Valeo-22.csv
Leaf,Valeo 6,NA,Leaf-Valeo-6.csv
Leica,C (Typ 112),NA,Leica-C-(Typ-112).csv
Leica,C-Lux,NA,Leica-C-Lux.csv
Leica,D-LUX (Typ 109),NA,Leica-D-LUX-(Typ-109).csv
Leica,D-LUX 3,NA,Leica-D-LUX-3.csv
Leica,D-LUX 4,NA,Leica-D-LUX-4.csv
Leica,D-LUX 5,NA,Leica-D-LUX-5.csv
Leica,D-LUX 6,NA,Leica-D-LUX-6.csv
Leica,D-Lux 7,NA,Leica-D-Lux-7.csv
Leica,D-Lux2,NA,Leica-D-Lux2.csv
Leica,DIGILUX 3,NA,Leica-DIGILUX-3.csv
Leica,Digilux 2,NA,Leica-Digilux-2.csv
Leica,M8,NA,Leica-M8.csv
Leica,M8 Digital,NA,Leica-M8-Digital.csv
Leica,M8 Digital Camera,NA,Leica-M8-Digital-Camera.csv
Leica,S2,NA,Leica-S2.csv
Leica,V-LUX (Typ 114),NA,Leica-V-LUX-(Typ-114).csv
Leica,V-LUX 1,NA,Leica-V-LUX-1.csv
Leica,V-LUX 2,NA,Leica-V-LUX-2.csv
Leica,V-LUX 3,NA,Leica-V-LUX-3.csv
Leica,V-LUX 4,NA,Leica-V-LUX-4.csv
Leica,V-Lux 5,NA,Leica-V-Lux-5.csv
Leica,M8,NA,Leica-M8.csv
Leica,M9,NA,NA
Mamiya,M18,NA,Mamiya-M18.csv
Mamiya,M22,NA,Mamiya-M22.csv
Mamiya,M31,NA,Mamiya-M31.csv
Mamiya,ZD,NA,Mamiya-ZD.csv
Minolta,DiMAGE 5,NA,Minolta-DiMAGE-5.csv
Minolta,DiMAGE 7,NA,Minolta-DiMAGE-7.csv
Minolta,DiMAGE 7Hi,NA,Minolta-DiMAGE-7Hi.csv
Minolta,DiMAGE 7i,NA,Minolta-DiMAGE-7i.csv
Minolta,DiMAGE A1,NA,Minolta-DiMAGE-A1.csv
Moto,G Power (2021) Front Camera,NA,Moto-G-Power-(2021)-Front-Camera.csv
Moto,G Power (2021) Rear Macro Camera,NA,Moto-G-Power-(2021)-Rear-Macro-Camera.csv
Moto,G Power (2021) Rear Wide Camera,NA,Moto-G-Power-(2021)-Rear-Wide-Camera.csv
Nikon,D810,NA,NIKON-D810.csv
Nikon,Z 30,NA,NIKON-Z-30.csv
Nikon,Z 50,NA,NIKON-Z-50.csv
Nikon,Z 7,NA,Nikon-Z-7 (Case Conflict).csv
Nikon,1 AW1,NA,Nikon-1-AW1.csv
Nikon,1 J1,NA,Nikon-1-J1.csv
Nikon,1 J2,NA,Nikon-1-J2.csv
Nikon,1 J3,NA,Nikon-1-J3.csv
Nikon,1 J4,NA,Nikon-1-J4.csv
Nikon,1 J5,NA,Nikon-1-J5.csv
Nikon,1 S1,NA,Nikon-1-S1.csv
Nikon,1 S2,NA,Nikon-1-S2.csv
Nikon,1 V1,NA,Nikon-1-V1.csv
Nikon,1 V2,NA,Nikon-1-V2.csv
Nikon,1 V3,NA,Nikon-1-V3.csv
Nikon,Coolpix 5400,NA,Nikon-Coolpix-5400.csv
Nikon,Coolpix 8400,NA,Nikon-Coolpix-8400.csv
Nikon,Coolpix 8700,NA,Nikon-Coolpix-8700.csv
Nikon,Coolpix 8800,NA,Nikon-Coolpix-8800.csv
Nikon,Coolpix A,NA,Nikon-Coolpix-A.csv
Nikon,Coolpix A1000,NA,Nikon-Coolpix-A1000.csv
Nikon,Coolpix B700,NA,Nikon-Coolpix-B700.csv
Nikon,Coolpix P1000,NA,Nikon-Coolpix-P1000.csv
Nikon,Coolpix P330,NA,Nikon-Coolpix-P330.csv
Nikon,Coolpix P340,NA,Nikon-Coolpix-P340.csv
Nikon,Coolpix P6000,NA,Nikon-Coolpix-P6000.csv
Nikon,Coolpix P7000,NA,Nikon-Coolpix-P7000.csv
Nikon,Coolpix P7100,NA,Nikon-Coolpix-P7100.csv
Nikon,Coolpix P7700,NA,Nikon-Coolpix-P7700.csv
Nikon,Coolpix P7800,NA,Nikon-Coolpix-P7800.csv
Nikon,Coolpix P950,NA,Nikon-Coolpix-P950.csv
Nikon,D1,NA,Nikon-D1.csv
Nikon,D100,NA,Nikon-D100.csv
Nikon,D1H,NA,Nikon-D1H.csv
Nikon,D1X,NA,Nikon-D1X.csv
Nikon,D200,NA,Nikon-D200.csv
Nikon,D2H,NA,Nikon-D2H.csv
Nikon,D2Hs,NA,Nikon-D2Hs.csv
Nikon,D2X,NA,Nikon-D2X.csv
Nikon,D2Xs,NA,Nikon-D2Xs.csv
Nikon,D3,NA,Nikon-D3.csv
Nikon,D300,NA,Nikon-D300.csv
Nikon,D3000,NA,Nikon-D3000.csv
Nikon,D300S,NA,Nikon-D300S.csv
Nikon,D3100,NA,Nikon-D3100.csv
Nikon,D3200,NA,Nikon-D3200.csv
Nikon,D3300,NA,Nikon-D3300.csv
Nikon,D3400,NA,Nikon-D3400.csv
Nikon,D3500,NA,Nikon-D3500.csv
Nikon,D3S,NA,Nikon-D3S.csv
Nikon,D3X,NA,Nikon-D3X.csv
Nikon,D4,NA,Nikon-D4.csv
Nikon,D40,NA,Nikon-D40.csv
Nikon,D40X,NA,Nikon-D40X.csv
Nikon,D4S,NA,Nikon-D4S.csv
Nikon,D5,NA,Nikon-D5.csv
Nikon,D50,NA,Nikon-D50.csv
Nikon,D500,NA,Nikon-D500.csv
Nikon,D5000,NA,Nikon-D5000.csv
Nikon,D5100,NA,Nikon-D5100.csv
Nikon,D5200,NA,Nikon-D5200.csv
Nikon,D5300,NA,Nikon-D5300.csv
Nikon,D5500,NA,Nikon-D5500.csv
Nikon,D5600,NA,Nikon-D5600.csv
Nikon,D6,NA,Nikon-D6.csv
Nikon,D60,NA,Nikon-D60.csv
Nikon,D600,NA,Nikon-D600.csv
Nikon,D610,NA,Nikon-D610.csv
Nikon,D70,NA,Nikon-D70.csv
Nikon,D700,NA,Nikon-D700.csv
Nikon,D7000,NA,Nikon-D7000.csv
Nikon,D70s,NA,Nikon-D70s.csv
Nikon,D7100,NA,Nikon-D7100.csv
Nikon,D7200,NA,Nikon-D7200.csv
Nikon,D750,NA,Nikon-D750.csv
Nikon,D7500,NA,Nikon-D7500.csv
Nikon,D780,NA,Nikon-D780.csv
Nikon,D80,NA,Nikon-D80.csv
Nikon,D800,NA,Nikon-D800.csv
Nikon,D800E,NA,Nikon-D800E.csv
Nikon,D810A,NA,Nikon-D810A.csv
Nikon,D850,NA,Nikon-D850.csv
Nikon,D90,NA,Nikon-D90.csv
Nikon,Df,NA,Nikon-Df.csv
Nikon,Z 5,NA,Nikon-Z-5.csv
Nikon,Z 6,NA,Nikon-Z-6.csv
Nikon,Z 6,II,Nikon-Z-6-2.csv
Nikon,Z 7,NA,Nikon-Z-7 (Case Conflict).csv
Nikon,Z 7,II,Nikon-Z-7-2.csv
Nikon,Z 9,NA,Nikon-Z-9.csv
Nikon,Z fc,NA,Nikon-Z-fc.csv
Olympus,AIR A01,NA,Olympus-AIR-A01.csv
Olympus,C-5050Z,NA,Olympus-C-5050Z.csv
Olympus,C-5060WZ,NA,Olympus-C-5060WZ.csv
Olympus,C-7000Z,NA,Olympus-C-7000Z.csv
Olympus,C-7070WZ,NA,Olympus-C-7070WZ.csv
Olympus,C-8080WZ,NA,Olympus-C-8080WZ.csv
Olympus,E-1,NA,Olympus-E-1.csv
Olympus,E-10,NA,Olympus-E-10.csv
Olympus,E-20,NA,Olympus-E-20.csv
Olympus,E-3,NA,Olympus-E-3.csv
Olympus,E-30,NA,Olympus-E-30.csv
Olympus,E-300,NA,Olympus-E-300.csv
Olympus,E-330,NA,Olympus-E-330.csv
Olympus,E-400,NA,Olympus-E-400.csv
Olympus,E-410,NA,Olympus-E-410.csv
Olympus,E-420,NA,Olympus-E-420.csv
Olympus,E-450,NA,Olympus-E-450.csv
Olympus,E-5,NA,Olympus-E-5.csv
Olympus,E-500,NA,Olympus-E-500.csv
Olympus,E-510,NA,Olympus-E-510.csv
Olympus,E-520,NA,Olympus-E-520.csv
Olympus,E-620,NA,Olympus-E-620.csv
Olympus,E-M1,NA,Olympus-E-M1.csv
Olympus,E-M1,II,Olympus-E-M1-Mark-II.csv
Olympus,E-M1,III,Olympus-E-M1-Mark-III.csv
Olympus,E-M10,NA,Olympus-E-M10.csv
Olympus,E-M10,II,Olympus-E-M10-Mark-II.csv
Olympus,E-M10,III,Olympus-E-M10-Mark-III.csv
Olympus,E-M10,IV,Olympus-E-M10-Mark-IV.csv
Olympus,E-M1X,NA,Olympus-E-M1X.csv
Olympus,E-M5,NA,Olympus-E-M5.csv
Olympus,E-M5,II,Olympus-E-M5-Mark-II.csv
Olympus,E-M5,III,Olympus-E-M5-Mark-III.csv
Olympus,E-P1,NA,Olympus-E-P1.csv
Olympus,E-P2,NA,Olympus-E-P2.csv
Olympus,E-P3,NA,Olympus-E-P3.csv
Olympus,E-P5,NA,Olympus-E-P5.csv
Olympus,E-P7,NA,Olympus-E-P7.csv
Olympus,E-PL1,NA,Olympus-E-PL1.csv
Olympus,E-PL10,NA,Olympus-E-PL10.csv
Olympus,E-PL1s,NA,Olympus-E-PL1s.csv
Olympus,E-PL2,NA,Olympus-E-PL2.csv
Olympus,E-PL3,NA,Olympus-E-PL3.csv
Olympus,E-PL5,NA,Olympus-E-PL5.csv
Olympus,E-PL6,NA,Olympus-E-PL6.csv
Olympus,E-PL7,NA,Olympus-E-PL7.csv
Olympus,E-PL8,NA,Olympus-E-PL8.csv
Olympus,E-PL9,NA,Olympus-E-PL9.csv
Olympus,E-PM1,NA,Olympus-E-PM1.csv
Olympus,E-PM2,NA,Olympus-E-PM2.csv
Olympus,PEN-F,NA,Olympus-PEN-F.csv
Olympus,SH-2,NA,Olympus-SH-2.csv
Olympus,SH-3,NA,Olympus-SH-3.csv
Olympus,SP-310,NA,Olympus-SP-310.csv
Olympus,SP-320,NA,Olympus-SP-320.csv
Olympus,SP-350,NA,Olympus-SP-350.csv
Olympus,SP-500UZ,NA,Olympus-SP-500UZ.csv
Olympus,SP-510UZ,NA,Olympus-SP-510UZ.csv
Olympus,SP-550UZ,NA,Olympus-SP-550UZ.csv
Olympus,SP-560UZ,NA,Olympus-SP-560UZ.csv
Olympus,SP-565UZ,NA,Olympus-SP-565UZ.csv
Olympus,SP-570UZ,NA,Olympus-SP-570UZ.csv
Olympus,STYLUS 1,NA,Olympus-STYLUS-1.csv
Olympus,STYLUS 1s,NA,Olympus-STYLUS-1s.csv
Olympus,TG-4,NA,Olympus-TG-4.csv
Olympus,TG-5,NA,Olympus-TG-5.csv
Olympus,TG-6,NA,Olympus-TG-6.csv
Olympus,XZ-1,NA,Olympus-XZ-1.csv
Olympus,XZ-10,NA,Olympus-XZ-10.csv
Olympus,XZ-2,NA,Olympus-XZ-2.csv
OnePlus,7T Front Camera,NA,OnePlus-7T-Front-Camera.csv
OnePlus,7T Rear Main Camera,NA,OnePlus-7T-Rear-Main-Camera.csv
OnePlus,8 Front Camera,NA,OnePlus-8-Front-Camera.csv
OnePlus,8 Pro Front Camera,NA,OnePlus-8-Pro-Front-Camera.csv
OnePlus,8 Pro Rear Main Camera,NA,OnePlus-8-Pro-Rear-Main-Camera.csv
OnePlus,8 Rear Main Camera,NA,OnePlus-8-Rear-Main-Camera.csv
Pentax,645D,NA,PENTAX-645D.csv
Pentax,645Z,NA,PENTAX-645Z.csv
Pentax,K-01,NA,PENTAX-K-01.csv
Pentax,K-1,NA,PENTAX-K-1.csv
Pentax,K-1,II,PENTAX-K-1-Mark-II.csv
Pentax,K-3,NA,PENTAX-K-3.csv
Pentax,K-3,II,PENTAX-K-3-II.csv
Pentax,K-3,III,PENTAX-K-3-Mark-III.csv
Pentax,K-5,NA,PENTAX-K-5.csv
Pentax,K-5,II,PENTAX-K-5-II.csv
Pentax,K-5,IIs,PENTAX-K-5-II-s.csv
Pentax,K-50,NA,PENTAX-K-50.csv
Pentax,K-500,NA,PENTAX-K-500.csv
Pentax,K-7,NA,PENTAX-K-7.csv
Pentax,K-70,NA,PENTAX-K-70.csv
Pentax,K-S1,NA,PENTAX-K-S1.csv
Pentax,K-S2,NA,PENTAX-K-S2.csv
Pentax,K-r,NA,PENTAX-K-r.csv
Pentax,K-x,NA,PENTAX-K-x.csv
Pentax,KF,NA,PENTAX-KF.csv
Pentax,KP,NA,PENTAX-KP.csv
Pentax,MX-1,NA,PENTAX-MX-1.csv
Pentax,Q,NA,PENTAX-Q.csv
Pentax,Q10,NA,PENTAX-Q10.csv
Pentax,Q7,NA,PENTAX-Q7.csv
Panasonic,DC-FZ1000M2,NA,Panasonic-DC-FZ1000M2.csv
Panasonic,DC-FZ80,NA,Panasonic-DC-FZ80.csv
Panasonic,DC-G100,NA,Panasonic-DC-G100.csv
Panasonic,DC-G9,NA,Panasonic-DC-G9.csv
Panasonic,DC-G99,NA,Panasonic-DC-G99.csv
Panasonic,DC-GF10,NA,Panasonic-DC-GF10.csv
Panasonic,DC-GF9,NA,Panasonic-DC-GF9.csv
Panasonic,DC-GH5,NA,Panasonic-DC-GH5.csv
Panasonic,DC-GH5M2,NA,Panasonic-DC-GH5M2.csv
Panasonic,DC-GH5S,NA,Panasonic-DC-GH5S.csv
Panasonic,DC-GH6,NA,Panasonic-DC-GH6.csv
Panasonic,DC-GX9,NA,Panasonic-DC-GX9.csv
Panasonic,DC-LX100M2,NA,Panasonic-DC-LX100M2.csv
Panasonic,DC-S1,NA,Panasonic-DC-S1.csv
Panasonic,DC-S1H,NA,Panasonic-DC-S1H.csv
Panasonic,DC-S1R,NA,Panasonic-DC-S1R.csv
Panasonic,DC-S5,NA,Panasonic-DC-S5.csv
Panasonic,DC-ZS200,NA,Panasonic-DC-ZS200.csv
Panasonic,DC-ZS70,NA,Panasonic-DC-ZS70.csv
Panasonic,DC-ZS80,NA,Panasonic-DC-ZS80.csv
Panasonic,DMC-CM1,NA,Panasonic-DMC-CM1.csv
Panasonic,DMC-CM10,NA,Panasonic-DMC-CM10.csv
Panasonic,DMC-FX150,NA,Panasonic-DMC-FX150.csv
Panasonic,DMC-FZ100,NA,Panasonic-DMC-FZ100.csv
Panasonic,DMC-FZ1000,NA,Panasonic-DMC-FZ1000.csv
Panasonic,DMC-FZ150,NA,Panasonic-DMC-FZ150.csv
Panasonic,DMC-FZ18,NA,Panasonic-DMC-FZ18.csv
Panasonic,DMC-FZ200,NA,Panasonic-DMC-FZ200.csv
Panasonic,DMC-FZ2500,NA,Panasonic-DMC-FZ2500.csv
Panasonic,DMC-FZ28,NA,Panasonic-DMC-FZ28.csv
Panasonic,DMC-FZ30,NA,Panasonic-DMC-FZ30.csv
Panasonic,DMC-FZ300,NA,Panasonic-DMC-FZ300.csv
Panasonic,DMC-FZ35,NA,Panasonic-DMC-FZ35.csv
Panasonic,DMC-FZ40,NA,Panasonic-DMC-FZ40.csv
Panasonic,DMC-FZ50,NA,Panasonic-DMC-FZ50.csv
Panasonic,DMC-FZ70,NA,Panasonic-DMC-FZ70.csv
Panasonic,DMC-FZ8,NA,Panasonic-DMC-FZ8.csv
Panasonic,DMC-G1,NA,Panasonic-DMC-G1.csv
Panasonic,DMC-G10,NA,Panasonic-DMC-G10.csv
Panasonic,DMC-G2,NA,Panasonic-DMC-G2.csv
Panasonic,DMC-G3,NA,Panasonic-DMC-G3.csv
Panasonic,DMC-G5,NA,Panasonic-DMC-G5.csv
Panasonic,DMC-G6,NA,Panasonic-DMC-G6.csv
Panasonic,DMC-G7,NA,Panasonic-DMC-G7.csv
Panasonic,DMC-G8,NA,Panasonic-DMC-G8.csv
Panasonic,DMC-GF1,NA,Panasonic-DMC-GF1.csv
Panasonic,DMC-GF2,NA,Panasonic-DMC-GF2.csv
Panasonic,DMC-GF3,NA,Panasonic-DMC-GF3.csv
Panasonic,DMC-GF5,NA,Panasonic-DMC-GF5.csv
Panasonic,DMC-GF6,NA,Panasonic-DMC-GF6.csv
Panasonic,DMC-GF7,NA,Panasonic-DMC-GF7.csv
Panasonic,DMC-GF8,NA,Panasonic-DMC-GF8.csv
Panasonic,DMC-GH1,NA,Panasonic-DMC-GH1.csv
Panasonic,DMC-GH2,NA,Panasonic-DMC-GH2.csv
Panasonic,DMC-GH3,NA,Panasonic-DMC-GH3.csv
Panasonic,DMC-GH4,NA,Panasonic-DMC-GH4.csv
Panasonic,DMC-GM1,NA,Panasonic-DMC-GM1.csv
Panasonic,DMC-GM5,NA,Panasonic-DMC-GM5.csv
Panasonic,DMC-GX1,NA,Panasonic-DMC-GX1.csv
Panasonic,DMC-GX7,NA,Panasonic-DMC-GX7.csv
Panasonic,DMC-GX8,NA,Panasonic-DMC-GX8.csv
Panasonic,DMC-GX85,NA,Panasonic-DMC-GX85.csv
Panasonic,DMC-L1,NA,Panasonic-DMC-L1.csv
Panasonic,DMC-L10,NA,Panasonic-DMC-L10.csv
Panasonic,DMC-LC1,NA,Panasonic-DMC-LC1.csv
Panasonic,DMC-LF1,NA,Panasonic-DMC-LF1.csv
Panasonic,DMC-LX1,NA,Panasonic-DMC-LX1.csv
Panasonic,DMC-LX100,NA,Panasonic-DMC-LX100.csv
Panasonic,DMC-LX2,NA,Panasonic-DMC-LX2.csv
Panasonic,DMC-LX3,NA,Panasonic-DMC-LX3.csv
Panasonic,DMC-LX5,NA,Panasonic-DMC-LX5.csv
Panasonic,DMC-LX7,NA,Panasonic-DMC-LX7.csv
Panasonic,DMC-LX9,NA,Panasonic-DMC-LX9.csv
Panasonic,DMC-ZS100,NA,Panasonic-DMC-ZS100.csv
Panasonic,DMC-ZS40,NA,Panasonic-DMC-ZS40.csv
Panasonic,DMC-ZS50,NA,Panasonic-DMC-ZS50.csv
Panasonic,DMC-ZS60,NA,Panasonic-DMC-ZS60.csv
Pentax,*istD,NA,Pentax-*istD.csv
Pentax,*istDL,NA,Pentax-*istDL.csv
Pentax,*istDL2,NA,Pentax-*istDL2.csv
Pentax,*istDS,NA,Pentax-*istDS.csv
Pentax,*istDS2,NA,Pentax-*istDS2.csv
Pentax,K-30,NA,Pentax-K-30.csv
Pentax,K-m,NA,Pentax-K-m.csv
Pentax,K100D,NA,Pentax-K100D.csv
Pentax,K100D Super,NA,Pentax-K100D-Super.csv
Pentax,K10D,NA,Pentax-K10D.csv
Pentax,K110D,NA,Pentax-K110D.csv
Pentax,K2000,NA,Pentax-K2000.csv
Pentax,K200D,NA,Pentax-K200D.csv
Pentax,K20D,NA,Pentax-K20D.csv
Phase,One H25,NA,Phase-One-H25.csv
Phase,One IQ140,NA,Phase-One-IQ140.csv
Phase,One IQ150,NA,Phase-One-IQ150.csv
Phase,One IQ160,NA,Phase-One-IQ160.csv
Phase,One IQ180,NA,Phase-One-IQ180.csv
Phase,One IQ250,NA,Phase-One-IQ250.csv
Phase,One IQ260,NA,Phase-One-IQ260.csv
Phase,One IQ280,NA,Phase-One-IQ280.csv
Phase,One IQ3 100MP,NA,Phase-One-IQ3-100MP.csv
Phase,One IQ3 100MP Trichr,NA,Phase-One-IQ3-100MP-Trichr.csv
Phase,One IQ3 50MP,NA,Phase-One-IQ3-50MP.csv
Phase,One IQ3 60MP,NA,Phase-One-IQ3-60MP.csv
Phase,One IQ3 80MP,NA,Phase-One-IQ3-80MP.csv
Phase,One IQ4 150MP,NA,Phase-One-IQ4-150MP.csv
Phase,One P20,NA,Phase-One-P20.csv
Phase,One P20+,NA,Phase-One-P20+.csv
Phase,One P21,NA,Phase-One-P21.csv
Phase,One P21+,NA,Phase-One-P21+.csv
Phase,One P25,NA,Phase-One-P25.csv
Phase,One P25+,NA,Phase-One-P25+.csv
Phase,One P30,NA,Phase-One-P30.csv
Phase,One P30+,NA,Phase-One-P30+.csv
Phase,One P40+,NA,Phase-One-P40+.csv
Phase,One P45,NA,Phase-One-P45.csv
Phase,One P45+,NA,Phase-One-P45+.csv
Phase,One P65+,NA,Phase-One-P65+.csv
Google,Pixel 2 XL-Google-google,NA,Pixel-2-XL-Google-google.csv
Google,Pixel 2-Google-google,NA,Pixel-2-Google-google.csv
Google,Pixel 3 XL-Google-google,NA,Pixel-3-XL-Google-google.csv
Google,Pixel 3-Google-google,NA,Pixel-3-Google-google.csv
Google,Pixel XL-Google-google,NA,Pixel-XL-Google-google.csv
Google,Pixel-Google-google,NA,Pixel-Google-google.csv
RICOH,GR A12 50mm F2.5 MACRO,NA,RICOH-GR-A12-50mm-F2.csv
RICOH,GR,III,RICOH-GR-III.csv
RICOH,GR,IIIx,RICOH-GR-IIIx.csv
RICOH,GR LENS A12 28mm F2.5,NA,RICOH-GR-LENS-A12-28mm-F2.csv
RICOH,GXR MOUNT A12,NA,RICOH-GXR-MOUNT-A12.csv
RICOH,RICOH LENS A16 24-85mm F3.5-5.5,NA,RICOH-RICOH-LENS-A16-24-85mm-F3.csv
RICOH,S10 24-72mm F2.5-4.4 VC,NA,RICOH-S10-24-72mm-F2.csv
RICOH,THETA Z1,NA,RICOH-THETA-Z1.csv
Ricoh,GR DIGITAL,III,Ricoh-GR-DIGITAL-3.csv
Ricoh,GR DIGITAL,IV,Ricoh-GR-DIGITAL-4.csv
Ricoh,RICOH GX200,NA,Ricoh-RICOH-GX200.csv
Samsung,Galaxy S,II,NA
Samsung,GX20,NA,SAMSUNG-GX20.csv
SIGMA,fp,NA,SIGMA-fp.csv
SIGMA,fp L,NA,SIGMA-fp-L.csv
Samsung,EX1,NA,Samsung-EX1.csv
Samsung,EX2F,NA,Samsung-EX2F.csv
Samsung,GX-1L,NA,Samsung-GX-1L.csv
Samsung,GX-1S,NA,Samsung-GX-1S.csv
Samsung,GX10,NA,Samsung-GX10.csv
Samsung,Galaxy Note 20 Rear Main Camera,NA,Samsung-Galaxy-Note-20-Rear-Main-Camera.csv
Samsung,Galaxy Note 20 Ultra Rear Main Camera,NA,Samsung-Galaxy-Note-20-Ultra-Rear-Main-Camera.csv
Samsung,Galaxy Note 9,NA,Samsung-Galaxy-Note-9.csv
Samsung,Galaxy S20 Front Camera,NA,Samsung-Galaxy-S20-Front-Camera.csv
Samsung,Galaxy S20 Rear Main Camera,NA,Samsung-Galaxy-S20-Rear-Main-Camera.csv
Samsung,Galaxy S20 Ultra Front Camera,NA,Samsung-Galaxy-S20-Ultra-Front-Camera.csv
Samsung,Galaxy S20 Ultra Rear Main Camera,NA,Samsung-Galaxy-S20-Ultra-Rear-Main-Camera.csv
Samsung,Galaxy S20+ Front Camera,NA,Samsung-Galaxy-S20+-Front-Camera.csv
Samsung,Galaxy S20+ Rear Main Camera,NA,Samsung-Galaxy-S20+-Rear-Main-Camera.csv
Samsung,Galaxy S21 Rear Main Camera,NA,Samsung-Galaxy-S21-Rear-Main-Camera.csv
Samsung,Galaxy S21 Rear Wide Camera,NA,Samsung-Galaxy-S21-Rear-Wide-Camera.csv
Samsung,Galaxy S21 Ultra Rear Main Camera,NA,Samsung-Galaxy-S21-Ultra-Rear-Main-Camera.csv
Samsung,Galaxy S21 Ultra Rear Super Telephoto Camera,NA,Samsung-Galaxy-S21-Ultra-Rear-Super-Telephoto-Camera.csv
Samsung,Galaxy S21 Ultra Rear Telephoto Camera,NA,Samsung-Galaxy-S21-Ultra-Rear-Telephoto-Camera.csv
Samsung,Galaxy S21 Ultra Rear Wide Camera,NA,Samsung-Galaxy-S21-Ultra-Rear-Wide-Camera.csv
Samsung,Galaxy S21+ Rear Main Camera,NA,Samsung-Galaxy-S21+-Rear-Main-Camera.csv
Samsung,Galaxy S21+ Rear Wide Camera,NA,Samsung-Galaxy-S21+-Rear-Wide-Camera.csv
Samsung,Galaxy S22 Front Camera,NA,Samsung-Galaxy-S22-Front-Camera.csv
Samsung,Galaxy S22 Rear Telephoto Camera,NA,Samsung-Galaxy-S22-Rear-Telephoto-Camera.csv
Samsung,Galaxy S22 Rear Ultrawide Camera,NA,Samsung-Galaxy-S22-Rear-Ultrawide-Camera.csv
Samsung,Galaxy S22 Rear Wide Camera,NA,Samsung-Galaxy-S22-Rear-Wide-Camera.csv
Samsung,Galaxy S22 Ultra Front Camera,NA,Samsung-Galaxy-S22-Ultra-Front-Camera.csv
Samsung,Galaxy S22 Ultra Rear Super Telephoto Camera,NA,Samsung-Galaxy-S22-Ultra-Rear-Super-Telephoto-Camera.csv
Samsung,Galaxy S22 Ultra Rear Telephoto Camera,NA,Samsung-Galaxy-S22-Ultra-Rear-Telephoto-Camera.csv
Samsung,Galaxy S22 Ultra Rear Ultrawide Camera,NA,Samsung-Galaxy-S22-Ultra-Rear-Ultrawide-Camera.csv
Samsung,Galaxy S22 Ultra Rear Wide Camera,NA,Samsung-Galaxy-S22-Ultra-Rear-Wide-Camera.csv
Samsung,Galaxy S22+ Front Camera,NA,Samsung-Galaxy-S22+-Front-Camera.csv
Samsung,Galaxy S22+ Front Camera Adobe Standard,NA,Samsung-Galaxy-S22+-Front-Camera-Adobe-Standard.csv
Samsung,Galaxy S22+ Rear Telephoto Camera,NA,Samsung-Galaxy-S22+-Rear-Telephoto-Camera.csv
Samsung,Galaxy S22+ Rear Ultrawide Camera,NA,Samsung-Galaxy-S22+-Rear-Ultrawide-Camera.csv
Samsung,Galaxy S22+ Rear Wide Camera,NA,Samsung-Galaxy-S22+-Rear-Wide-Camera.csv
Samsung,Galaxy S6,NA,Samsung-Galaxy-S6.csv
Samsung,Galaxy S6 Edge,NA,Samsung-Galaxy-S6-Edge.csv
Samsung,Galaxy S7,NA,Samsung-Galaxy-S7.csv
Samsung,Galaxy S7 Edge,NA,Samsung-Galaxy-S7-Edge.csv
Samsung,Galaxy S8,NA,Samsung-Galaxy-S8.csv
Samsung,Galaxy S8+,NA,Samsung-Galaxy-S8+.csv
Samsung,Galaxy S9,NA,Samsung-Galaxy-S9.csv
Samsung,Galaxy S9+,NA,Samsung-Galaxy-S9+.csv
Samsung,Galaxy Z Fold3 Rear Main Camera,NA,Samsung-Galaxy-Z-Fold3-Rear-Main-Camera.csv
Samsung,Galaxy Z Fold3 Rear Telephoto Camera,NA,Samsung-Galaxy-Z-Fold3-Rear-Telephoto-Camera.csv
Samsung,Galaxy Z Fold3 Rear Ultrawide Camera,NA,Samsung-Galaxy-Z-Fold3-Rear-Ultrawide-Camera.csv
Samsung,Galaxy Z Fold4 Rear Telephoto Camera,NA,Samsung-Galaxy-Z-Fold4-Rear-Telephoto-Camera.csv
Samsung,Galaxy Z Fold4 Rear Ultrawide Camera,NA,Samsung-Galaxy-Z-Fold4-Rear-Ultrawide-Camera.csv
Samsung,Galaxy Z Fold4 Rear Wide Camera,NA,Samsung-Galaxy-Z-Fold4-Rear-Wide-Camera.csv
Samsung,NX U,NA,Samsung-NX-U.csv
Samsung,NX mini,NA,Samsung-NX-mini.csv
Samsung,NX1,NA,Samsung-NX1.csv
Samsung,NX10,NA,Samsung-NX10.csv
Samsung,NX100,NA,Samsung-NX100.csv
Samsung,NX1000,NA,Samsung-NX1000.csv
Samsung,NX11,NA,Samsung-NX11.csv
Samsung,NX1100,NA,Samsung-NX1100.csv
Samsung,NX20,NA,Samsung-NX20.csv
Samsung,NX200,NA,Samsung-NX200.csv
Samsung,NX2000,NA,Samsung-NX2000.csv
Samsung,NX210,NA,Samsung-NX210.csv
Samsung,NX30,NA,Samsung-NX30.csv
Samsung,NX300,NA,Samsung-NX300.csv
Samsung,NX3000,NA,Samsung-NX3000.csv
Samsung,NX3300,NA,Samsung-NX3300.csv
Samsung,NX5,NA,Samsung-NX5.csv
Samsung,NX500,NA,Samsung-NX500.csv
Samsung,WB2000,NA,Samsung-WB2000.csv
Sony,DCZV1B,NA,Sony-DCZV1B.csv
Sony,DSC-HX95,NA,Sony-DSC-HX95.csv
Sony,DSC-HX99,NA,Sony-DSC-HX99.csv
Sony,DSC-R1,NA,Sony-DSC-R1.csv
Sony,DSC-RX0,NA,Sony-DSC-RX0.csv
Sony,DSC-RX0M2,NA,Sony-DSC-RX0M2.csv
Sony,DSC-RX1,NA,Sony-DSC-RX1.csv
Sony,DSC-RX10,NA,Sony-DSC-RX10.csv
Sony,DSC-RX100,NA,Sony-DSC-RX100.csv
Sony,DSC-RX100M2,NA,Sony-DSC-RX100M2.csv
Sony,DSC-RX100M3,NA,Sony-DSC-RX100M3.csv
Sony,DSC-RX100M4,NA,Sony-DSC-RX100M4.csv
Sony,DSC-RX100M5,NA,Sony-DSC-RX100M5.csv
Sony,DSC-RX100M5A,NA,Sony-DSC-RX100M5A.csv
Sony,DSC-RX100M6,NA,Sony-DSC-RX100M6.csv
Sony,DSC-RX100M7,NA,Sony-DSC-RX100M7.csv
Sony,DSC-RX10M2,NA,Sony-DSC-RX10M2.csv
Sony,DSC-RX10M3,NA,Sony-DSC-RX10M3.csv
Sony,DSC-RX10M4,NA,Sony-DSC-RX10M4.csv
Sony,DSC-RX1R,NA,Sony-DSC-RX1R.csv
Sony,DSC-RX1RM2,NA,Sony-DSC-RX1RM2.csv
Sony,DSC-V3,NA,Sony-DSC-V3.csv
Sony,DSLR-A100,NA,Sony-DSLR-A100.csv
Sony,DSLR-A200,NA,Sony-DSLR-A200.csv
Sony,DSLR-A230,NA,Sony-DSLR-A230.csv
Sony,DSLR-A290,NA,Sony-DSLR-A290.csv
Sony,DSLR-A300,NA,Sony-DSLR-A300.csv
Sony,DSLR-A330,NA,Sony-DSLR-A330.csv
Sony,DSLR-A350,NA,Sony-DSLR-A350.csv
Sony,DSLR-A380,NA,Sony-DSLR-A380.csv
Sony,DSLR-A390,NA,Sony-DSLR-A390.csv
Sony,DSLR-A450,NA,Sony-DSLR-A450.csv
Sony,DSLR-A500,NA,Sony-DSLR-A500.csv
Sony,DSLR-A550,NA,Sony-DSLR-A550.csv
Sony,DSLR-A560,NA,Sony-DSLR-A560.csv
Sony,DSLR-A580,NA,Sony-DSLR-A580.csv
Sony,DSLR-A700,NA,Sony-DSLR-A700.csv
Sony,DSLR-A850,NA,Sony-DSLR-A850.csv
Sony,DSLR-A900,NA,Sony-DSLR-A900.csv
Sony,ILCA-68,NA,Sony-ILCA-68.csv
Sony,ILCA-77M2,NA,Sony-ILCA-77M2.csv
Sony,ILCA-99M2,NA,Sony-ILCA-99M2.csv
Sony,ILCE-1,NA,Sony-ILCE-1.csv
Sony,ILCE-3000,NA,Sony-ILCE-3000.csv
Sony,ILCE-5000,NA,Sony-ILCE-5000.csv
Sony,ILCE-5100,NA,Sony-ILCE-5100.csv
Sony,ILCE-6000,NA,Sony-ILCE-6000.csv
Sony,ILCE-6100,NA,Sony-ILCE-6100.csv
Sony,ILCE-6300,NA,Sony-ILCE-6300.csv
Sony,ILCE-6400,NA,Sony-ILCE-6400.csv
Sony,ILCE-6500,NA,Sony-ILCE-6500.csv
Sony,ILCE-6600,NA,Sony-ILCE-6600.csv
Sony,ILCE-7,NA,Sony-ILCE-7.csv
Sony,ILCE-7C,NA,Sony-ILCE-7C.csv
Sony,ILCE-7M2,NA,Sony-ILCE-7M2.csv
Sony,ILCE-7M3,NA,Sony-ILCE-7M3.csv
Sony,ILCE-7M4,NA,Sony-ILCE-7M4.csv
Sony,ILCE-7R,NA,Sony-ILCE-7R.csv
Sony,ILCE-7RM2,NA,Sony-ILCE-7RM2.csv
Sony,ILCE-7RM3,NA,Sony-ILCE-7RM3.csv
Sony,ILCE-7RM3A,NA,Sony-ILCE-7RM3A.csv
Sony,ILCE-7RM4,NA,Sony-ILCE-7RM4.csv
Sony,ILCE-7RM4A,NA,Sony-ILCE-7RM4A.csv
Sony,ILCE-7RM5,NA,Sony-ILCE-7RM5.csv
Sony,ILCE-7S,NA,Sony-ILCE-7S.csv
Sony,ILCE-7SM2,NA,Sony-ILCE-7SM2.csv
Sony,ILCE-7SM3,NA,Sony-ILCE-7SM3.csv
Sony,ILCE-9,NA,Sony-ILCE-9.csv
Sony,ILCE-9M2,NA,Sony-ILCE-9M2.csv
Sony,ILCE-QX1,NA,Sony-ILCE-QX1.csv
Sony,ILME-FX3,NA,Sony-ILME-FX3.csv
Sony,ILME-FX30,NA,Sony-ILME-FX30.csv
Sony,NEX-3,NA,Sony-NEX-3.csv
Sony,NEX-3N,NA,Sony-NEX-3N.csv
Sony,NEX-5,NA,Sony-NEX-5.csv
Sony,NEX-5N,NA,Sony-NEX-5N.csv
Sony,NEX-5R,NA,Sony-NEX-5R.csv
Sony,NEX-5T,NA,Sony-NEX-5T.csv
Sony,NEX-6,NA,Sony-NEX-6.csv
Sony,NEX-7,NA,Sony-NEX-7.csv
Sony,NEX-C3,NA,Sony-NEX-C3.csv
Sony,NEX-F3,NA,Sony-NEX-F3.csv
Sony,NEX-VG20,NA,Sony-NEX-VG20.csv
Sony,NEX-VG30,NA,Sony-NEX-VG30.csv
Sony,NEX-VG900,NA,Sony-NEX-VG900.csv
Sony,SLT-A33,NA,Sony-SLT-A33.csv
Sony,SLT-A35,NA,Sony-SLT-A35.csv
Sony,SLT-A37,NA,Sony-SLT-A37.csv
Sony,SLT-A55V,NA,Sony-SLT-A55V.csv
Sony,SLT-A57,NA,Sony-SLT-A57.csv
Sony,SLT-A58,NA,Sony-SLT-A58.csv
Sony,SLT-A65,NA,Sony-SLT-A65.csv
Sony,SLT-A77,NA,Sony-SLT-A77.csv
Sony,SLT-A99V,NA,Sony-SLT-A99V.csv
Sony,Xperia 1 II Telephoto Camera,II,Sony-Xperia-1-II-Telephoto-Camera.csv
Sony,Xperia 1 II Ultra wide-angle Camera,II,Sony-Xperia-1-II-Ultra-wide-angle-Camera.csv
Sony,Xperia 1 II Wide-angle Camera,II,Sony-Xperia-1-II-Wide-angle-Camera.csv
Sony,Xperia 1 III Super Telephoto Camera,III,Sony-Xperia-1-III-Super-Telephoto-Camera.csv
Sony,Xperia 1 III Telephoto Camera,III,Sony-Xperia-1-III-Telephoto-Camera.csv
Sony,Xperia 1 III Ultra wide-angle Camera,III,Sony-Xperia-1-III-Ultra-wide-angle-Camera.csv
Sony,Xperia 1 III Wide-angle Camera,III,Sony-Xperia-1-III-Wide-angle-Camera.csv
Sony,Xperia 1 IV Ultrawide Camera,IV,Sony-Xperia-1-IV-Ultrawide-Camera.csv
Sony,Xperia 1 IV Wide Camera,IV,Sony-Xperia-1-IV-Wide-Camera.csv
Sony,Xperia 1 IV Zoom Camera,IV,Sony-Xperia-1-IV-Zoom-Camera.csv
Sony,Xperia 1 Wide-angle Camera,NA,Sony-Xperia-1-Wide-angle-Camera.csv
Sony,Xperia 5 II Telephoto Camera,II,Sony-Xperia-5-II-Telephoto-Camera.csv
Sony,Xperia 5 II Ultra wide-angle Camera,II,Sony-Xperia-5-II-Ultra-wide-angle-Camera.csv
Sony,Xperia 5 II Wide-angle Camera,II,Sony-Xperia-5-II-Wide-angle-Camera.csv
Sony,Xperia 5 III Super Telephoto Camera,III,Sony-Xperia-5-III-Super-Telephoto-Camera.csv
Sony,Xperia 5 III Telephoto Camera,III,Sony-Xperia-5-III-Telephoto-Camera.csv
Sony,Xperia 5 III Ultra wide-angle Camera,III,Sony-Xperia-5-III-Ultra-wide-angle-Camera.csv
Sony,Xperia 5 III Wide-angle Camera,III,Sony-Xperia-5-III-Wide-angle-Camera.csv
Sony,Xperia 5 IV Telephoto Camera,IV,Sony-Xperia-5-IV-Telephoto-Camera.csv
Sony,Xperia 5 IV Ultrawide Camera,IV,Sony-Xperia-5-IV-Ultrawide-Camera.csv
Sony,Xperia 5 IV Wide Camera,IV,Sony-Xperia-5-IV-Wide-Camera.csv
Sony,Xperia 5 Wide-angle Camera,NA,Sony-Xperia-5-Wide-angle-Camera.csv
Sony,Xperia PRO-I Telephoto Camera,NA,Sony-Xperia-PRO-I-Telephoto-Camera.csv
Sony,Xperia PRO-I Ultrawide Camera,NA,Sony-Xperia-PRO-I-Ultrawide-Camera.csv
Sony,Xperia PRO-I Wide Camera,NA,Sony-Xperia-PRO-I-Wide-Camera.csv
Sony,ZV-E10,NA,Sony-ZV-E10.csv
Xiaomi,12S Pro Rear Telephoto Camera,NA,Xiaomi-12S-Pro-Rear-Telephoto-Camera.csv
Xiaomi,12S Pro Rear Ultrawide Camera,NA,Xiaomi-12S-Pro-Rear-Ultrawide-Camera.csv
Xiaomi,12S Pro Rear Wide Camera,NA,Xiaomi-12S-Pro-Rear-Wide-Camera.csv
Xiaomi,12S Rear Ultrawide Camera,NA,Xiaomi-12S-Rear-Ultrawide-Camera.csv
Xiaomi,12S Rear Wide Camera,NA,Xiaomi-12S-Rear-Wide-Camera.csv
Xiaomi,12S Ultra Rear Telephoto Camera,NA,Xiaomi-12S-Ultra-Rear-Telephoto-Camera.csv
Xiaomi,12S Ultra Rear Ultrawide Camera,NA,Xiaomi-12S-Ultra-Rear-Ultrawide-Camera.csv
Xiaomi,12S Ultra Rear Wide Camera,NA,Xiaomi-12S-Ultra-Rear-Wide-Camera.csv
Xiaomi,13 Pro Rear Telephoto Camera,NA,Xiaomi-13-Pro-Rear-Telephoto-Camera.csv
Xiaomi,13 Pro Rear Ultrawide Camera,NA,Xiaomi-13-Pro-Rear-Ultrawide-Camera.csv
Xiaomi,13 Pro Rear Wide Camera,NA,Xiaomi-13-Pro-Rear-Wide-Camera.csv
Xiaomi,13 Rear Telephoto Camera,NA,Xiaomi-13-Rear-Telephoto-Camera.csv
Xiaomi,13 Rear Ultrawide Camera,NA,Xiaomi-13-Rear-Ultrawide-Camera.csv
Xiaomi,13 Rear Wide Camera,NA,Xiaomi-13-Rear-Wide-Camera.csv
Xiaomi,Mi 11 Lite Front Camera,NA,Xiaomi-Mi-11-Lite-Front-Camera.csv
Xiaomi,Mi 11 Lite Rear Ultrawide Camera,NA,Xiaomi-Mi-11-Lite-Rear-Ultrawide-Camera.csv
Xiaomi,Mi 11 Lite Rear Wide Camera,NA,Xiaomi-Mi-11-Lite-Rear-Wide-Camera.csv
Apple,iPad13.1 back camera,NA,"iPad13,1-back-camera.csv"
Apple,iPad13.10 back camera,NA,"iPad13,10-back-camera.csv"
Apple,iPad13.11 back camera,NA,"iPad13,11-back-camera.csv"
Apple,iPad13.16 back camera,NA,"iPad13,16-back-camera.csv"
Apple,iPad13.18 back camera,NA,"iPad13,18-back-camera.csv"
Apple,iPad13.4 back camera,NA,"iPad13,4-back-camera.csv"
Apple,iPad13.5 back camera,NA,"iPad13,5-back-camera.csv"
Apple,iPad13.6 back camera,NA,"iPad13,6-back-camera.csv"
Apple,iPad13.7 back camera,NA,"iPad13,7-back-camera.csv"
Apple,iPad13.8 back camera,NA,"iPad13,8-back-camera.csv"
Apple,iPad13.9 back camera,NA,"iPad13,9-back-camera.csv"
Apple,iPad14.2 back camera,NA,"iPad14,2-back-camera.csv"
Apple,iPad14.3 back camera,NA,"iPad14,3-back-camera.csv"
Apple,iPad14.5 back camera,NA,"iPad14,5-back-camera.csv"
Apple,iPad6.3 back camera,NA,"iPad6,3-back-camera.csv"
Apple,iPad6.4 back camera,NA,"iPad6,4-back-camera.csv"
Apple,iPad7.1 back camera,NA,"iPad7,1-back-camera.csv"
Apple,iPad7.2 back camera,NA,"iPad7,2-back-camera.csv"
Apple,iPad7.3 back camera,NA,"iPad7,3-back-camera.csv"
Apple,iPad7.4 back camera,NA,"iPad7,4-back-camera.csv"
Apple,iPad8.1 back camera,NA,"iPad8,1-back-camera.csv"
Apple,iPad8.11 back camera,NA,"iPad8,11-back-camera.csv"
Apple,iPad8.2 back camera,NA,"iPad8,2-back-camera.csv"
Apple,iPad8.3 back camera,NA,"iPad8,3-back-camera.csv"
Apple,iPad8.4 back camera,NA,"iPad8,4-back-camera.csv"
Apple,iPad8.5 back camera,NA,"iPad8,5-back-camera.csv"
Apple,iPad8.6 back camera,NA,"iPad8,6-back-camera.csv"
Apple,iPad8.7 back camera,NA,"iPad8,7-back-camera.csv"
Apple,iPad8.8 back camera,NA,"iPad8,8-back-camera.csv"
Apple,iPad8.9 back camera,NA,"iPad8,9-back-camera.csv"
Apple,iPhone10.1 back camera,NA,"iPhone10,1-back-camera.csv"
Apple,iPhone10.2 back camera,NA,"iPhone10,2-back-camera.csv"
Apple,iPhone10.2 back telephoto camera,NA,"iPhone10,2-back-telephoto-camera.csv"
Apple,iPhone10.3 back camera,NA,"iPhone10,3-back-camera.csv"
Apple,iPhone10.3 back telephoto camera,NA,"iPhone10,3-back-telephoto-camera.csv"
Apple,iPhone10.4 back camera,NA,"iPhone10,4-back-camera.csv"
Apple,iPhone10.5 back camera,NA,"iPhone10,5-back-camera.csv"
Apple,iPhone10.5 back telephoto camera,NA,"iPhone10,5-back-telephoto-camera.csv"
Apple,iPhone10.6 back camera,NA,"iPhone10,6-back-camera.csv"
Apple,iPhone10.6 back telephoto camera,NA,"iPhone10,6-back-telephoto-camera.csv"
Apple,iPhone11.2 back camera,NA,"iPhone11,2-back-camera.csv"
Apple,iPhone11.2 back telephoto camera,NA,"iPhone11,2-back-telephoto-camera.csv"
Apple,iPhone11.4 back camera,NA,"iPhone11,4-back-camera.csv"
Apple,iPhone11.4 back telephoto camera,NA,"iPhone11,4-back-telephoto-camera.csv"
Apple,iPhone11.6 back camera,NA,"iPhone11,6-back-camera.csv"
Apple,iPhone11.6 back telephoto camera,NA,"iPhone11,6-back-telephoto-camera.csv"
Apple,iPhone11.8 back camera,NA,"iPhone11,8-back-camera.csv"
Apple,iPhone12.1 back camera,NA,"iPhone12,1-back-camera.csv"
Apple,iPhone12.3 back camera,NA,"iPhone12,3-back-camera.csv"
Apple,iPhone12.3 back telephoto camera,NA,"iPhone12,3-back-telephoto-camera.csv"
Apple,iPhone12.5 back camera,NA,"iPhone12,5-back-camera.csv"
Apple,iPhone12.5 back telephoto camera,NA,"iPhone12,5-back-telephoto-camera.csv"
Apple,iPhone12.8 back camera,NA,"iPhone12,8-back-camera.csv"
Apple,iPhone13.1 back camera,NA,"iPhone13,1-back-camera.csv"
Apple,iPhone13.1 back ultra wide camera,NA,"iPhone13,1-back-ultra-wide-camera.csv"
Apple,iPhone13.2 back camera,NA,"iPhone13,2-back-camera.csv"
Apple,iPhone13.2 back ultra wide camera,NA,"iPhone13,2-back-ultra-wide-camera.csv"
Apple,iPhone13.3 back camera,NA,"iPhone13,3-back-camera.csv"
Apple,iPhone13.3 back telephoto camera,NA,"iPhone13,3-back-telephoto-camera.csv"
Apple,iPhone13.3 back ultra wide camera,NA,"iPhone13,3-back-ultra-wide-camera.csv"
Apple,iPhone13.3 front camera,NA,"iPhone13,3-front-camera.csv"
Apple,iPhone13.4 back camera,NA,"iPhone13,4-back-camera.csv"
Apple,iPhone13.4 back telephoto camera,NA,"iPhone13,4-back-telephoto-camera.csv"
Apple,iPhone13.4 back ultra wide camera,NA,"iPhone13,4-back-ultra-wide-camera.csv"
Apple,iPhone13.4 front camera,NA,"iPhone13,4-front-camera.csv"
Apple,iPhone14.2 back camera,NA,"iPhone14,2-back-camera.csv"
Apple,iPhone14.2 back telephoto camera,NA,"iPhone14,2-back-telephoto-camera.csv"
Apple,iPhone14.2 back ultra wide camera,NA,"iPhone14,2-back-ultra-wide-camera.csv"
Apple,iPhone14.2 front camera,NA,"iPhone14,2-front-camera.csv"
Apple,iPhone14.3 back camera,NA,"iPhone14,3-back-camera.csv"
Apple,iPhone14.3 back telephoto camera,NA,"iPhone14,3-back-telephoto-camera.csv"
Apple,iPhone14.3 back ultra wide camera,NA,"iPhone14,3-back-ultra-wide-camera.csv"
Apple,iPhone14.3 front camera,NA,"iPhone14,3-front-camera.csv"
Apple,iPhone14.4 back camera,NA,"iPhone14,4-back-camera.csv"
Apple,iPhone14.4 back ultra wide camera,NA,"iPhone14,4-back-ultra-wide-camera.csv"
Apple,iPhone14.4 front camera,NA,"iPhone14,4-front-camera.csv"
Apple,iPhone14.5 back camera,NA,"iPhone14,5-back-camera.csv"
Apple,iPhone14.5 back ultra wide camera,NA,"iPhone14,5-back-ultra-wide-camera.csv"
Apple,iPhone14.5 front camera,NA,"iPhone14,5-front-camera.csv"
Apple,iPhone14.6 back camera,NA,"iPhone14,6-back-camera.csv"
Apple,iPhone14.6 front camera,NA,"iPhone14,6-front-camera.csv"
Apple,iPhone14.7 back camera,NA,"iPhone14,7-back-camera.csv"
Apple,iPhone14.7 back ultra wide camera,NA,"iPhone14,7-back-ultra-wide-camera.csv"
Apple,iPhone14.7 front camera,NA,"iPhone14,7-front-camera.csv"
Apple,iPhone14.8 back camera,NA,"iPhone14,8-back-camera.csv"
Apple,iPhone14.8 back ultra wide camera,NA,"iPhone14,8-back-ultra-wide-camera.csv"
Apple,iPhone14.8 front camera,NA,"iPhone14,8-front-camera.csv"
Apple,iPhone15.2 back camera,NA,"iPhone15,2-back-camera.csv"
Apple,iPhone15.2 back telephoto camera,NA,"iPhone15,2-back-telephoto-camera.csv"
Apple,iPhone15.2 back ultra wide camera,NA,"iPhone15,2-back-ultra-wide-camera.csv"
Apple,iPhone15.2 front camera,NA,"iPhone15,2-front-camera.csv"
Apple,iPhone15.3 back camera,NA,"iPhone15,3-back-camera.csv"
Apple,iPhone15.3 back telephoto camera,NA,"iPhone15,3-back-telephoto-camera.csv"
Apple,iPhone15.3 back ultra wide camera,NA,"iPhone15,3-back-ultra-wide-camera.csv"
Apple,iPhone15.3 front camera,NA,"iPhone15,3-front-camera.csv"
Apple,iPhone8.1 back camera,NA,"iPhone8,1-back-camera.csv"
Apple,iPhone8.2 back camera,NA,"iPhone8,2-back-camera.csv"
Apple,iPhone8.4 back camera,NA,"iPhone8,4-back-camera.csv"
Apple,iPhone9.1 back camera,NA,"iPhone9,1-back-camera.csv"
Apple,iPhone9.2 back camera,NA,"iPhone9,2-back-camera.csv"
Apple,iPhone9.2 back telephoto camera,NA,"iPhone9,2-back-telephoto-camera.csv"
Apple,iPhone9.3 back camera,NA,"iPhone9,3-back-camera.csv"
Apple,iPhone9.4 back camera,NA,"iPhone9,4-back-camera.csv"
Apple,iPhone9.4 back telephoto camera,NA,"iPhone9,4-back-telephoto-camera.csv"
